,tfidf
00,0.0
pdl,0.0
pdtc,0.0
peak,0.0
pearson,0.0
pedestrian,0.0
pediatric,0.0
pedicle,0.0
pedsql,0.0
peer,0.0
peers,0.0
pelvic,0.0
pelvis,0.0
pencil,0.0
penetrated,0.0
penetrating,0.0
pennsylvania,0.0
people,0.0
per,0.0
perceived,0.0
percentage,0.0
percentile,0.0
percentiles,0.0
perception,0.0
perceptions,0.0
percutaneous,0.0
perforation,0.0
perform,0.0
pcr,0.0
pca,0.0
pays,0.0
payer,0.0
participate,0.0
participated,0.0
participating,0.0
participation,0.0
participatory,0.0
particular,0.0
particularly,0.0
parties,0.0
partnered,0.0
partnership,0.0
parts,0.0
pascal,0.0
passenger,0.0
performance,0.0
passengers,0.0
past,0.0
patent,0.0
path,0.0
pathogenesis,0.0
pathological,0.0
pathologies,0.0
pathway,0.0
pathways,0.0
patient,0.0
patients,0.0
pattern,0.0
patterns,0.0
pavement,0.0
passive,0.0
participant,0.0
performed,0.0
peri,0.0
physiotherapy,0.0
pickrell,0.0
piercing,0.0
pigment,0.0
pilot,0.0
pin,0.0
pins,0.0
pip,0.0
place,0.0
placed,0.0
placement,0.0
places,0.0
plain,0.0
plan,0.0
planned,0.0
planning,0.0
plans,0.0
plants,0.0
plate,0.0
platform,0.0
plating,0.0
play,0.0
players,0.0
plot,0.0
plots,0.0
plotted,0.0
plumbing,0.0
physiology,0.0
physiologically,0.0
physicians,0.0
physical,0.0
periarticular,0.0
perineum,0.0
period,0.0
periods,0.0
peripheral,0.0
permanent,0.0
permeability,0.0
permeable,0.0
persist,0.0
persistent,0.0
person,0.0
personality,0.0
persons,0.0
performing,0.0
perspective,0.0
pervasive,0.0
pfci,0.0
phalangeal,0.0
phalanx,0.0
pharmaceutical,0.0
pharmacologic,0.0
pharmacological,0.0
pharmacopeia,0.0
phase,0.0
philanthropists,0.0
phmb,0.0
phosphorescence,0.0
phq,0.0
perspectives,0.0
part,0.0
parasellar,0.0
paraplegic,0.0
officially,0.0
often,0.0
ohs,0.0
oil,0.0
old,0.0
older,0.0
olds,0.0
oligomerization,0.0
olympic,0.0
onboard,0.0
ones,0.0
ongoing,0.0
online,0.0
only,0.0
ons,0.0
onsite,0.0
ontario,0.0
onto,0.0
open,0.0
opengrey,0.0
operating,0.0
operation,0.0
operationalise,0.0
operations,0.0
operative,0.0
opportunities,0.0
opportunity,0.0
official,0.0
offers,0.0
offered,0.0
offer,0.0
objective,0.0
objectives,0.0
objects,0.0
oblique,0.0
observation,0.0
observational,0.0
observe,0.0
observed,0.0
obstruction,0.0
obtained,0.0
obvious,0.0
occasions,0.0
occupant,0.0
optic,0.0
occupants,0.0
occupationally,0.0
occupations,0.0
occur,0.0
occurred,0.0
occurrence,0.0
occurrences,0.0
occurring,0.0
occurs,0.0
oceanic,0.0
october,0.0
ocular,0.0
odds,0.0
off,0.0
occupation,0.0
optimal,0.0
optimisation,0.0
optimization,0.0
outlets,0.0
outlines,0.0
output,0.0
outreach,0.0
outside,0.0
over,0.0
overall,0.0
overpressure,0.0
overuse,0.0
overwork,0.0
owing,0.0
own,0.0
p53,0.0
outcomes,0.0
p65,0.0
pain,0.0
panel,0.0
panelized,0.0
panels,0.0
paper,0.0
papers,0.0
paradigm,0.0
paradigms,0.0
parallel,0.0
paralysis,0.0
parameters,0.0
paranasal,0.0
paraplegia,0.0
paid,0.0
plus,0.0
outcome,0.0
our,0.0
optimized,0.0
optimizes,0.0
option,0.0
oral,0.0
order,0.0
ordered,0.0
ordinance,0.0
organisation,0.0
organisms,0.0
organization,0.0
organizational,0.0
organizations,0.0
organized,0.0
out,0.0
original,0.0
origins,0.0
orofacial,0.0
ors,0.0
orthopaedic,0.0
orthopaedics,0.0
orthopedic,0.0
osha,0.0
ossification,0.0
osteoporosis,0.0
osteotomy,0.0
other,0.0
others,0.0
otherwise,0.0
originated,0.0
pneumatization,0.0
point,0.0
points,0.0
proposed,0.0
propulsion,0.0
proquest,0.0
prospective,0.0
prospero,0.0
protect,0.0
protecting,0.0
protection,0.0
protein,0.0
proteins,0.0
protocol,0.0
protocolized,0.0
protocols,0.0
protruding,0.0
proved,0.0
proven,0.0
provide,0.0
provided,0.0
provides,0.0
providing,0.0
province,0.0
provision,0.0
proximal,0.0
prts,0.0
pseudarthrosis,0.0
pseudo,0.0
psit,0.0
propose,0.0
proportions,0.0
proportion,0.0
prophylaxis,0.0
profile,0.0
profiles,0.0
prognosis,0.0
prognostic,0.0
program,0.0
programme,0.0
programmes,0.0
programs,0.0
progression,0.0
prohibit,0.0
proinflammatory,0.0
project,0.0
projected,0.0
pso,0.0
projects,0.0
prolonged,0.0
prominent,0.0
promising,0.0
promote,0.0
promoted,0.0
promotes,0.0
promoting,0.0
promotion,0.0
propelled,0.0
propensity,0.0
proper,0.0
properties,0.0
prophylactic,0.0
proliferation,0.0
psychological,0.0
psychology,0.0
psychometric,0.0
quantity,0.0
quarter,0.0
quartile,0.0
quasi,0.0
query,0.0
question,0.0
questionnaire,0.0
questions,0.0
quickly,0.0
ra,0.0
race,0.0
racing,0.0
rad,0.0
quantifying,0.0
radiation,0.0
radiographically,0.0
radiographs,0.0
radiography,0.0
radiologically,0.0
radiology,0.0
rain,0.0
raises,0.0
ranch,0.0
random,0.0
randomised,0.0
randomized,0.0
randomly,0.0
range,0.0
radiographic,0.0
professionals,0.0
quantify,0.0
quality,0.0
psychometrically,0.0
psychosocial,0.0
psycinfo,0.0
pu,0.0
public,0.0
publication,0.0
publications,0.0
published,0.0
pubmed,0.0
pudilan,0.0
pulmonary,0.0
punishing,0.0
purely,0.0
quantification,0.0
purpose,0.0
pursuit,0.0
purview,0.0
put,0.0
pyramid,0.0
pyrin,0.0
pyrrolidinedithiocarbamate,0.0
qatar,0.0
qrt,0.0
quadas,0.0
quadriceps,0.0
quadrilateral,0.0
qualified,0.0
qualitative,0.0
purposive,0.0
object,0.0
professional,0.0
productivity,0.0
postoperative,0.0
postoperatively,0.0
posts,0.0
posture,0.0
pot,0.0
potential,0.0
potentially,0.0
ppp,0.0
ppt,0.0
ppts,0.0
practical,0.0
practice,0.0
practices,0.0
practitioner,0.0
practitioners,0.0
pre,0.0
precast,0.0
precautionary,0.0
precede,0.0
preceding,0.0
precipitated,0.0
precipitation,0.0
precluded,0.0
predict,0.0
prediction,0.0
predictions,0.0
predictive,0.0
posthospital,0.0
posterior,0.0
post,0.0
possibly,0.0
poisoning,0.0
poisson,0.0
poland,0.0
police,0.0
policies,0.0
policy,0.0
political,0.0
polyethylene,0.0
polyhexamethylenebiguanide,0.0
polystyrene,0.0
polyurethane,0.0
pooled,0.0
poor,0.0
predictors,0.0
poorly,0.0
population,0.0
populations,0.0
portion,0.0
pose,0.0
position,0.0
positioned,0.0
positions,0.0
positive,0.0
positively,0.0
possess,0.0
possesses,0.0
possibility,0.0
possible,0.0
popularity,0.0
predisposing,0.0
predominant,0.0
predominantly,0.0
prior,0.0
priori,0.0
prioritised,0.0
prioritize,0.0
prioritized,0.0
prioritizing,0.0
priority,0.0
private,0.0
privately,0.0
pro,0.0
proactive,0.0
probability,0.0
probable,0.0
principles,0.0
probit,0.0
problematic,0.0
problems,0.0
procedure,0.0
procedures,0.0
proceed,0.0
process,0.0
processes,0.0
processing,0.0
proclivities,0.0
produce,0.0
produced,0.0
producing,0.0
product,0.0
problem,0.0
products,0.0
principals,0.0
primary,0.0
prefabricated,0.0
preliminary,0.0
preoperative,0.0
preparation,0.0
prepared,0.0
preparedness,0.0
present,0.0
presentation,0.0
presentations,0.0
presented,0.0
presenting,0.0
presents,0.0
preserved,0.0
principal,0.0
press,0.0
prevail,0.0
prevailing,0.0
prevalence,0.0
prevalent,0.0
prevent,0.0
preventable,0.0
prevented,0.0
preventing,0.0
prevention,0.0
preventive,0.0
previous,0.0
previously,0.0
primarily,0.0
pressure,0.0
ranged,0.0
obeyed,0.0
nurses,0.0
life,0.0
lifestyle,0.0
lift,0.0
lifting,0.0
lifts,0.0
ligament,0.0
ligaments,0.0
light,0.0
lighting,0.0
like,0.0
likelihood,0.0
likely,0.0
likert,0.0
likewise,0.0
limit,0.0
limitation,0.0
limitations,0.0
limited,0.0
limits,0.0
line,0.0
linear,0.0
liner,0.0
lines,0.0
link,0.0
linked,0.0
lipopolysaccharide,0.0
lips,0.0
licensed,0.0
library,0.0
liaison,0.0
liability,0.0
lay,0.0
layered,0.0
layers,0.0
lb,0.0
lc,0.0
ldh,0.0
lead,0.0
leaders,0.0
leadership,0.0
leading,0.0
leads,0.0
learn,0.0
learning,0.0
liquid,0.0
led,0.0
legislation,0.0
legislative,0.0
legislators,0.0
legitimacy,0.0
leisure,0.0
lends,0.0
length,0.0
lenses,0.0
leppanen,0.0
lesions,0.0
level,0.0
levels,0.0
lfis,0.0
left,0.0
laws,0.0
lists,0.0
literacy,0.0
lundman,0.0
lung,0.0
lymphatic,0.0
machine,0.0
machines,0.0
macroeconomic,0.0
macromolecule,0.0
made,0.0
magnetic,0.0
magnitude,0.0
mahalanobis,0.0
maharashtra,0.0
mainstream,0.0
maintained,0.0
maintaining,0.0
maintenance,0.0
major,0.0
make,0.0
makers,0.0
makes,0.0
making,0.0
male,0.0
males,0.0
malnutrition,0.0
malondialdehyde,0.0
man,0.0
manage,0.0
lumbosacral,0.0
lumbar,0.0
lps,0.0
lpns,0.0
literature,0.0
little,0.0
livestock,0.0
living,0.0
lmics,0.0
load,0.0
loading,0.0
loadings,0.0
loads,0.0
local,0.0
locale,0.0
localized,0.0
located,0.0
lit,0.0
location,0.0
logit,0.0
london,0.0
long,0.0
longer,0.0
longest,0.0
longitudinal,0.0
lore,0.0
loss,0.0
lost,0.0
lot,0.0
lower,0.0
lowered,0.0
lowering,0.0
logical,0.0
law,0.0
latter,0.0
latissimus,0.0
investigated,0.0
investigating,0.0
investigation,0.0
χ2,0.0
investigators,0.0
invited,0.0
involve,0.0
involved,0.0
involvement,0.0
involves,0.0
involving,0.0
ir,0.0
iran,0.0
ireland,0.0
iron,0.0
ironman,0.0
ischium,0.0
isolated,0.0
isolation,0.0
isprint,0.0
issues,0.0
italian,0.0
italy,0.0
item,0.0
items,0.0
iterative,0.0
itself,0.0
investigate,0.0
inventory,0.0
invasive,0.0
intuitive,0.0
intermittent,0.0
internal,0.0
international,0.0
interphalangeal,0.0
interrupted,0.0
intersection,0.0
intersections,0.0
interval,0.0
intervals,0.0
intervention,0.0
interventional,0.0
interventions,0.0
interview,0.0
january,0.0
interviewed,0.0
interviews,0.0
intestinal,0.0
intra,0.0
intraclass,0.0
intracranial,0.0
intramuscular,0.0
intranasal,0.0
intraoperative,0.0
intraperitoneally,0.0
introduce,0.0
introduced,0.0
introduction,0.0
intubation,0.0
interviewing,0.0
japan,0.0
japanese,0.0
job,0.0
labor,0.0
laboratory,0.0
labour,0.0
laceration,0.0
lack,0.0
lacked,0.0
lacrosse,0.0
lactate,0.0
ladder,0.0
ladders,0.0
lag,0.0
lagged,0.0
laid,0.0
l4,0.0
laminectomy,0.0
lane,0.0
lanes,0.0
language,0.0
laparotomy,0.0
lapses,0.0
large,0.0
largely,0.0
larger,0.0
largest,0.0
last,0.0
late,0.0
later,0.0
lateral,0.0
landscaping,0.0
managed,0.0
kpa,0.0
knowledge,0.0
jobs,0.0
jobsite,0.0
joint,0.0
jointly,0.0
joints,0.0
journal,0.0
journals,0.0
july,0.0
june,0.0
junior,0.0
jurgan,0.0
just,0.0
justification,0.0
known,0.0
kahane,0.0
keeping,0.0
kentucky,0.0
kept,0.0
key,0.0
kg,0.0
kids,0.0
killed,0.0
kind,0.0
kinds,0.0
kinetic,0.0
kirkpatrick,0.0
knee,0.0
knowingly,0.0
keep,0.0
management,0.0
managing,0.0
mandated,0.0
multiple,0.0
multirod,0.0
multisupervised,0.0
multisystem,0.0
munitions,0.0
muscle,0.0
muscles,0.0
musculoskeletal,0.0
must,0.0
myeloperoxidase,0.0
myth,0.0
nail,0.0
named,0.0
narrative,0.0
narratively,0.0
narratives,0.0
narrow,0.0
national,0.0
nationally,0.0
nationwide,0.0
native,0.0
natural,0.0
naturally,0.0
nature,0.0
navigate,0.0
nbw,0.0
near,0.0
multiparametric,0.0
multimodality,0.0
multilevel,0.0
multilayer,0.0
monitoring,0.0
month,0.0
months,0.0
morbidity,0.0
more,0.0
moreover,0.0
mortality,0.0
most,0.0
mostly,0.0
mothers,0.0
motion,0.0
motions,0.0
motor,0.0
nearly,0.0
mountaineering,0.0
mouth,0.0
mouthguard,0.0
mouthguards,0.0
movement,0.0
mpo,0.0
mri,0.0
ms,0.0
msst,0.0
much,0.0
multi,0.0
multidisciplinary,0.0
multifaceted,0.0
multifactorial,0.0
mounted,0.0
necessary,0.0
neck,0.0
necrosis,0.0
no,0.0
nominal,0.0
nonetheless,0.0
nonfatal,0.0
noninjured,0.0
nonoccupational,0.0
nonpharmacological,0.0
nonrandomized,0.0
nonsignificant,0.0
nonunion,0.0
nonwork,0.0
normative,0.0
northeastern,0.0
nlrp3,0.0
notably,0.0
notice,0.0
notification,0.0
notion,0.0
novel,0.0
now,0.0
nucleotide,0.0
null,0.0
number,0.0
numbered,0.0
numbers,0.0
numerator,0.0
numerous,0.0
nurse,0.0
noteworthy,0.0
monitor,0.0
niosh,0.0
nihon,0.0
need,0.0
needed,0.0
needle,0.0
needs,0.0
negative,0.0
negatively,0.0
negligently,0.0
neiss,0.0
nerve,0.0
nerves,0.0
net,0.0
network,0.0
neural,0.0
nine,0.0
neurocognitive,0.0
neurological,0.0
neurologically,0.0
neuromonitoring,0.0
neurophysiological,0.0
neuroprosthetic,0.0
neurosurgeon,0.0
neurosurgeons,0.0
nevertheless,0.0
new,0.0
nexus,0.0
nf,0.0
night,0.0
nighttime,0.0
neurocritical,0.0
nutrient,0.0
money,0.0
molecules,0.0
measurements,0.0
measures,0.0
measuring,0.0
mechanical,0.0
mechanism,0.0
mechanisms,0.0
med,0.0
media,0.0
medialization,0.0
mediated,0.0
mediating,0.0
mediators,0.0
medical,0.0
medicine,0.0
medium,0.0
medline,0.0
meet,0.0
meeting,0.0
megaproject,0.0
member,0.0
members,0.0
membrane,0.0
memory,0.0
men,0.0
merging,0.0
message,0.0
messages,0.0
measurement,0.0
measured,0.0
measure,0.0
means,0.0
manifest,0.0
manner,0.0
manual,0.0
manufacturers,0.0
manufacturing,0.0
manuscript,0.0
many,0.0
mapped,0.0
march,0.0
marginal,0.0
marker,0.0
markings,0.0
marrow,0.0
met,0.0
mason,0.0
masses,0.0
massive,0.0
matrix,0.0
matter,0.0
mature,0.0
maturity,0.0
maximal,0.0
maximizing,0.0
maximum,0.0
mda,0.0
me,0.0
mean,0.0
meaning,0.0
mass,0.0
meta,0.0
metaboanalyst,0.0
metabolic,0.0
minimum,0.0
mining,0.0
minitab,0.0
minor,0.0
miscellaneous,0.0
misclassified,0.0
misdiagnosis,0.0
misplacement,0.0
missing,0.0
mitigate,0.0
mitigation,0.0
mixed,0.0
mixtures,0.0
minimizing,0.0
ml,0.0
mobilization,0.0
modalities,0.0
mode,0.0
model,0.0
modeling,0.0
models,0.0
moderate,0.0
modes,0.0
modest,0.0
modification,0.0
modifications,0.0
modified,0.0
modifying,0.0
mobility,0.0
moment,0.0
minimize,0.0
minimal,0.0
metabolite,0.0
metabolites,0.0
metabolomics,0.0
method,0.0
methodologic,0.0
methodological,0.0
methodology,0.0
meticulously,0.0
mg,0.0
mice,0.0
micro,0.0
microscope,0.0
microscopy,0.0
minimally,0.0
microsurgery,0.0
midwestern,0.0
might,0.0
migrant,0.0
migration,0.0
mil,0.0
mild,0.0
military,0.0
millennium,0.0
million,0.0
mind,0.0
mindful,0.0
mine,0.0
mineral,0.0
middle,0.0
ranging,0.0
ranked,0.0
ranova,0.0
tetraplegic,0.0
texas,0.0
text,0.0
texts,0.0
thames,0.0
them,0.0
themes,0.0
themselves,0.0
then,0.0
theoretical,0.0
theories,0.0
theory,0.0
therapeutic,0.0
therapy,0.0
thereby,0.0
thermal,0.0
these,0.0
theses,0.0
they,0.0
thickness,0.0
third,0.0
thirty,0.0
thoracic,0.0
those,0.0
though,0.0
thousands,0.0
threatening,0.0
tests,0.0
testing,0.0
testified,0.0
tested,0.0
teaches,0.0
team,0.0
teams,0.0
technical,0.0
technique,0.0
techniques,0.0
technologies,0.0
technology,0.0
teeth,0.0
telephone,0.0
temperature,0.0
temperatures,0.0
temporal,0.0
three,0.0
temporarily,0.0
ten,0.0
tend,0.0
tendinitis,0.0
tendon,0.0
tendons,0.0
tenosynovitis,0.0
tenotomy,0.0
tensile,0.0
term,0.0
termed,0.0
terrain,0.0
tertiary,0.0
test,0.0
temporary,0.0
teachers,0.0
threshold,0.0
through,0.0
tract,0.0
traction,0.0
trade,0.0
trades,0.0
tradition,0.0
traditional,0.0
traffic,0.0
train,0.0
trained,0.0
trait,0.0
trajectories,0.0
transcripts,0.0
transferable,0.0
transient,0.0
translational,0.0
transmission,0.0
transphenoidal,0.0
transplantation,0.0
transport,0.0
transportation,0.0
transported,0.0
transverse,0.0
trauma,0.0
traumatic,0.0
traumatology,0.0
tray,0.0
treat,0.0
track,0.0
tpe,0.0
toyserkan,0.0
toyota,0.0
throughout,0.0
thrown,0.0
thsr,0.0
thus,0.0
tideway,0.0
time,0.0
times,0.0
timing,0.0
timings,0.0
tissue,0.0
tissues,0.0
tnf,0.0
toes,0.0
thromboembolism,0.0
together,0.0
tomographic,0.0
tomography,0.0
too,0.0
took,0.0
tool,0.0
tools,0.0
tooth,0.0
topic,0.0
total,0.0
totaling,0.0
toward,0.0
towards,0.0
towns,0.0
toll,0.0
tbsa,0.0
tbis,0.0
tbi,0.0
substantially,0.0
substitute,0.0
substituting,0.0
subsumes,0.0
subtraction,0.0
success,0.0
successful,0.0
successfully,0.0
successive,0.0
such,0.0
sudden,0.0
suffer,0.0
suffering,0.0
sufficient,0.0
sufficiently,0.0
suffocation,0.0
suggest,0.0
suggested,0.0
suggesting,0.0
suggests,0.0
suitable,0.0
suite,0.0
suited,0.0
suites,0.0
sum,0.0
summarized,0.0
summarizing,0.0
substantial,0.0
substance,0.0
subsequently,0.0
subsequent,0.0
strengthen,0.0
strengthening,0.0
stress,0.0
strict,0.0
stringent,0.0
striving,0.0
strong,0.0
structural,0.0
structure,0.0
structured,0.0
structures,0.0
students,0.0
studied,0.0
summer,0.0
studies,0.0
subcomponents,0.0
subdural,0.0
subgroup,0.0
subjacent,0.0
subject,0.0
subjective,0.0
subjects,0.0
subluxation,0.0
submuscular,0.0
subpopulation,0.0
subscale,0.0
subscales,0.0
subscapularis,0.0
sub,0.0
sun,0.0
sunburn,0.0
sunlight,0.0
swedish,0.0
switching,0.0
symptoms,0.0
synovitis,0.0
synthesis,0.0
synthetic,0.0
system,0.0
systematic,0.0
systematically,0.0
systemic,0.0
systemized,0.0
systems,0.0
t11,0.0
sweden,0.0
ta,0.0
tablet,0.0
tabriz,0.0
tailor,0.0
take,0.0
taken,0.0
taking,0.0
target,0.0
targeted,0.0
tas,0.0
task,0.0
tasks,0.0
taught,0.0
taverns,0.0
table,0.0
treated,0.0
sweas,0.0
suzuki,0.0
sunscreen,0.0
superoxide,0.0
supervisors,0.0
supplement,0.0
supply,0.0
support,0.0
supported,0.0
supporting,0.0
suprainfection,0.0
surface,0.0
surfacing,0.0
surgeon,0.0
surgeons,0.0
swea,0.0
surgeries,0.0
surgical,0.0
surgically,0.0
surmounted,0.0
surpassed,0.0
surrogate,0.0
surrounding,0.0
surveillance,0.0
survey,0.0
surveys,0.0
surviving,0.0
sustainable,0.0
sustained,0.0
sustaining,0.0
surgery,0.0
treating,0.0
treatment,0.0
tree,0.0
washington,0.0
water,0.0
way,0.0
wayne,0.0
ways,0.0
wcs,0.0
we,0.0
weak,0.0
weakness,0.0
weaknesses,0.0
weapons,0.0
wear,0.0
wearing,0.0
web,0.0
website,0.0
week,0.0
weeks,0.0
weigh,0.0
weight,0.0
weighted,0.0
weights,0.0
well,0.0
wellness,0.0
west,0.0
western,0.0
wet,0.0
wetness,0.0
warrants,0.0
warranted,0.0
warning,0.0
warming,0.0
vice,0.0
view,0.0
views,0.0
virginia,0.0
visibility,0.0
visible,0.0
visited,0.0
visits,0.0
visual,0.0
visualization,0.0
visualize,0.0
visually,0.0
vital,0.0
what,0.0
vitro,0.0
volume,0.0
volumetric,0.0
voluntary,0.0
volunteer,0.0
vs,0.0
vte,0.0
vulnerability,0.0
vulnerable,0.0
wage,0.0
wall,0.0
want,0.0
wards,0.0
warfighter,0.0
volleyball,0.0
wheelchair,0.0
when,0.0
where,0.0
working,0.0
workload,0.0
workplaces,0.0
works,0.0
world,0.0
worldwide,0.0
would,0.0
wound,0.0
wounds,0.0
wrist,0.0
written,0.0
wrong,0.0
xiaoyan,0.0
workforce,0.0
year,0.0
years,0.0
yet,0.0
yielded,0.0
york,0.0
young,0.0
younger,0.0
youth,0.0
yrs,0.0
zealand,0.0
zmir,0.0
zone,0.0
µg,0.0
ĸb,0.0
yearly,0.0
very,0.0
worker,0.0
workdays,0.0
whereas,0.0
whether,0.0
which,0.0
while,0.0
white,0.0
who,0.0
whole,0.0
whom,0.0
whoqol,0.0
why,0.0
wide,0.0
widely,0.0
wider,0.0
worked,0.0
width,0.0
willing,0.0
wind,0.0
wing,0.0
wire,0.0
wireless,0.0
wires,0.0
within,0.0
without,0.0
wmsd,0.0
wmsds,0.0
wns,0.0
women,0.0
wood,0.0
will,0.0
strength,0.0
vertebral,0.0
versus,0.0
unassisted,0.0
unavoidable,0.0
uncertain,0.0
unchanged,0.0
uncontrolled,0.0
under,0.0
underlying,0.0
understand,0.0
understanding,0.0
understood,0.0
undertaken,0.0
underway,0.0
underwent,0.0
unequivocally,0.0
unfortunately,0.0
unhygienic,0.0
unified,0.0
unintentional,0.0
union,0.0
unionized,0.0
unique,0.0
uniqueness,0.0
unit,0.0
united,0.0
units,0.0
univariate,0.0
universities,0.0
unacceptable,0.0
unable,0.0
ultraviolet,0.0
ultimately,0.0
trend,0.0
trends,0.0
triage,0.0
trial,0.0
trials,0.0
triathlete,0.0
triathletes,0.0
triathlon,0.0
trigger,0.0
triggered,0.0
truck,0.0
true,0.0
truncated,0.0
university,0.0
trunk,0.0
tukey,0.0
tumor,0.0
tunnel,0.0
turn,0.0
twelve,0.0
twenty,0.0
twiserkan,0.0
two,0.0
types,0.0
typical,0.0
ubiquitous,0.0
uk,0.0
ulcer,0.0
trying,0.0
unknown,0.0
unlikely,0.0
unloading,0.0
vaccine,0.0
validate,0.0
validated,0.0
validation,0.0
validity,0.0
values,0.0
vaqueros,0.0
variability,0.0
variable,0.0
variance,0.0
variant,0.0
variate,0.0
variation,0.0
vaccination,0.0
variations,0.0
varies,0.0
varieties,0.0
variety,0.0
various,0.0
varying,0.0
vascular,0.0
vascularization,0.0
vast,0.0
vehicle,0.0
vehicles,0.0
velocities,0.0
velocity,0.0
venous,0.0
varied,0.0
vertebra,0.0
utilizes,0.0
utilize,0.0
unmodified,0.0
unnecessarily,0.0
unnecessary,0.0
unpaid,0.0
unpowered,0.0
unquestioned,0.0
unsafe,0.0
unstable,0.0
unsustainability,0.0
up,0.0
update,0.0
upon,0.0
upper,0.0
utilized,0.0
upstream,0.0
uqybt,0.0
urban,0.0
urgency,0.0
urgent,0.0
urgently,0.0
us,0.0
usa,0.0
useful,0.0
user,0.0
users,0.0
uses,0.0
usual,0.0
utility,0.0
upturns,0.0
street,0.0
strategy,0.0
strategies,0.0
respondents,0.0
responding,0.0
response,0.0
responses,0.0
responsibilities,0.0
responsible,0.0
rest,0.0
restaurants,0.0
restriction,0.0
restrictions,0.0
result,0.0
resultantly,0.0
resulted,0.0
resulting,0.0
resuscitation,0.0
resuscitative,0.0
retest,0.0
retrieval,0.0
retrieved,0.0
retrofitting,0.0
retrospective,0.0
retrospectively,0.0
return,0.0
returned,0.0
reveal,0.0
revealed,0.0
reversed,0.0
responded,0.0
respiratory,0.0
respect,0.0
resource,0.0
reported,0.0
reporting,0.0
reports,0.0
represent,0.0
representative,0.0
representatives,0.0
represented,0.0
representing,0.0
represents,0.0
require,0.0
required,0.0
requirements,0.0
requires,0.0
review,0.0
requiring,0.0
research,0.0
resemble,0.0
reserved,0.0
residence,0.0
residential,0.0
residents,0.0
residual,0.0
resistance,0.0
resistant,0.0
resisted,0.0
resnick,0.0
resolution,0.0
resonance,0.0
rescue,0.0
reviewed,0.0
reviewers,0.0
reviewing,0.0
routinely,0.0
rp,0.0
rses,0.0
rti,0.0
rtis,0.0
rtw,0.0
rubber,0.0
rubric,0.0
rugby,0.0
rule,0.0
rules,0.0
run,0.0
runners,0.0
routine,0.0
rural,0.0
safeguards,0.0
safely,0.0
safer,0.0
salute,0.0
salvageable,0.0
same,0.0
sample,0.0
samples,0.0
sampling,0.0
sap,0.0
satisfaction,0.0
saudi,0.0
savings,0.0
safe,0.0
report,0.0
rough,0.0
rosenberg,0.0
reviews,0.0
revised,0.0
rho,0.0
rich,0.0
ridden,0.0
riders,0.0
rights,0.0
rigid,0.0
rigorously,0.0
rir,0.0
rise,0.0
risk,0.0
riskiest,0.0
rotational,0.0
risks,0.0
road,0.0
roadway,0.0
roc,0.0
rod,0.0
rodeo,0.0
role,0.0
roles,0.0
rood,0.0
roofers,0.0
roofing,0.0
roofs,0.0
room,0.0
root,0.0
rns,0.0
scaffold,0.0
replications,0.0
repeatedly,0.0
recent,0.0
recently,0.0
receptor,0.0
recess,0.0
recipe,0.0
reckless,0.0
recklessly,0.0
recoded,0.0
recognised,0.0
recognition,0.0
recognized,0.0
recognizes,0.0
recommend,0.0
recommendation,0.0
recommendations,0.0
recommended,0.0
reconstruct,0.0
reconstruction,0.0
record,0.0
recordable,0.0
recorded,0.0
recorder,0.0
recording,0.0
records,0.0
recover,0.0
recovery,0.0
recreation,0.0
receiving,0.0
receiver,0.0
received,0.0
receive,0.0
rapid,0.0
rapidly,0.0
raptor,0.0
rare,0.0
rat,0.0
rate,0.0
rater,0.0
raters,0.0
rates,0.0
rather,0.0
ratio,0.0
ratios,0.0
rats,0.0
recreational,0.0
ray,0.0
rbos,0.0
rct,0.0
rcts,0.0
reach,0.0
reached,0.0
reaching,0.0
reaction,0.0
reactions,0.0
reactive,0.0
readiness,0.0
ready,0.0
real,0.0
realized,0.0
rbo,0.0
recreationally,0.0
recruited,0.0
recruitment,0.0
relates,0.0
relating,0.0
relation,0.0
relationship,0.0
relationships,0.0
relative,0.0
relatively,0.0
release,0.0
relevance,0.0
relevant,0.0
reliability,0.0
reliable,0.0
reliance,0.0
related,0.0
remain,0.0
remaining,0.0
remains,0.0
reminder,0.0
remodeling,0.0
remote,0.0
removal,0.0
remove,0.0
removed,0.0
repair,0.0
repaired,0.0
repairing,0.0
repairs,0.0
repeated,0.0
remained,0.0
repetitive,0.0
reinforcing,0.0
reimplanted,0.0
rectal,0.0
rectus,0.0
reduced,0.0
reduces,0.0
reducing,0.0
reduction,0.0
reductions,0.0
reference,0.0
referred,0.0
refinement,0.0
reflect,0.0
refresher,0.0
regarded,0.0
reimplanting,0.0
regarding,0.0
regimes,0.0
region,0.0
regional,0.0
regions,0.0
registered,0.0
registry,0.0
regressions,0.0
regulated,0.0
regulating,0.0
regulation,0.0
regulations,0.0
regulatory,0.0
rehabilitation,0.0
regenerative,0.0
interleukin,0.0
scaffolding,0.0
scale,0.0
sod,0.0
sofmer,0.0
soft,0.0
softball,0.0
softer,0.0
soii,0.0
sole,0.0
solely,0.0
solutions,0.0
some,0.0
someone,0.0
sometimes,0.0
somewhat,0.0
soon,0.0
sought,0.0
sound,0.0
sources,0.0
southern,0.0
southwestern,0.0
space,0.0
spaces,0.0
spain,0.0
spanish,0.0
spanning,0.0
spatial,0.0
spatially,0.0
speaker,0.0
sociotechnical,0.0
socioeconomic,0.0
socio,0.0
society,0.0
sirva,0.0
site,0.0
situation,0.0
situations,0.0
six,0.0
size,0.0
sized,0.0
sizes,0.0
skeletal,0.0
skiing,0.0
skill,0.0
skilled,0.0
skills,0.0
spearman,0.0
skin,0.0
sleep,0.0
sliding,0.0
slips,0.0
small,0.0
smaller,0.0
smes,0.0
smoke,0.0
smoking,0.0
smooth,0.0
snowmobiling,0.0
soccer,0.0
social,0.0
socially,0.0
skull,0.0
specialized,0.0
specialty,0.0
specific,0.0
stand,0.0
standard,0.0
standardized,0.0
standards,0.0
staple,0.0
starting,0.0
state,0.0
statement,0.0
statements,0.0
states,0.0
statistically,0.0
statistics,0.0
status,0.0
stakeholders,0.0
stay,0.0
stenosis,0.0
step,0.0
sternum,0.0
stiffness,0.0
still,0.0
stimulation,0.0
stock,0.0
stops,0.0
storage,0.0
stored,0.0
straightforward,0.0
strain,0.0
strains,0.0
steel,0.0
sinuses,0.0
stairs,0.0
stai,0.0
specifically,0.0
specificity,0.0
specimens,0.0
speck,0.0
spectacles,0.0
spectator,0.0
speculated,0.0
speed,0.0
sphenoid,0.0
sphenoidal,0.0
spinae,0.0
spinal,0.0
spine,0.0
staining,0.0
sponsorship,0.0
sporting,0.0
sports,0.0
sprains,0.0
sprint,0.0
square,0.0
ssi,0.0
stability,0.0
stabilization,0.0
stabilize,0.0
stable,0.0
staffing,0.0
stage,0.0
stages,0.0
sport,0.0
scalds,0.0
sinus,0.0
since,0.0
secondary,0.0
seconds,0.0
section,0.0
sections,0.0
sector,0.0
sectors,0.0
secure,0.0
security,0.0
see,0.0
seek,0.0
seeking,0.0
seeks,0.0
seems,0.0
seen,0.0
segment,0.0
segmentation,0.0
select,0.0
selecting,0.0
selection,0.0
selectively,0.0
self,0.0
semi,0.0
semistructured,0.0
sensation,0.0
sense,0.0
sensing,0.0
sensitive,0.0
second,0.0
seated,0.0
seatbelt,0.0
seat,0.0
scales,0.0
scan,0.0
scans,0.0
scarce,0.0
scene,0.0
scholar,0.0
school,0.0
schools,0.0
sci,0.0
scielo,0.0
science,0.0
sciences,0.0
scientific,0.0
sensitivity,0.0
scopes,0.0
scored,0.0
scores,0.0
scoring,0.0
screened,0.0
screening,0.0
screens,0.0
screw,0.0
screws,0.0
sdh,0.0
search,0.0
searched,0.0
season,0.0
seasonal,0.0
score,0.0
sensor,0.0
sensors,0.0
sensory,0.0
sheet,0.0
sheets,0.0
shells,0.0
shifted,0.0
shock,0.0
shocks,0.0
short,0.0
shortened,0.0
shorter,0.0
shoulder,0.0
shoulders,0.0
show,0.0
showed,0.0
sheds,0.0
showing,0.0
sides,0.0
signal,0.0
signaling,0.0
signals,0.0
significance,0.0
significant,0.0
similar,0.0
similarly,0.0
simple,0.0
simplified,0.0
simulate,0.0
simulated,0.0
simulating,0.0
shown,0.0
single,0.0
sheaths,0.0
sharp,0.0
separate,0.0
separation,0.0
september,0.0
sequelae,0.0
sequenced,0.0
series,0.0
serious,0.0
serum,0.0
serve,0.0
service,0.0
services,0.0
session,0.0
set,0.0
sheath,0.0
setting,0.0
seven,0.0
seventy,0.0
several,0.0
severe,0.0
severely,0.0
severities,0.0
severity,0.0
sex,0.0
sexes,0.0
shade,0.0
sham,0.0
shanghai,0.0
share,0.0
settings,0.0
interdisciplinary,0.0
investigations,0.0
interactions,0.0
burns,0.0
business,0.0
but,0.0
buttress,0.0
calculate,0.0
calculated,0.0
california,0.0
called,0.0
calling,0.0
campaign,0.0
camps,0.0
can,0.0
canada,0.0
canadian,0.0
canal,0.0
cancer,0.0
cannot,0.0
cap,0.0
capabilities,0.0
capacity,0.0
cape,0.0
capital,0.0
capture,0.0
captured,0.0
car,0.0
cardiovascular,0.0
care,0.0
burned,0.0
careful,0.0
burn,0.0
burden,0.0
body,0.0
bone,0.0
bony,0.0
boom,0.0
born,0.0
both,0.0
bottoming,0.0
boys,0.0
brain,0.0
branches,0.0
break,0.0
breakdowns,0.0
breaking,0.0
breaks,0.0
bref,0.0
bridge,0.0
brim,0.0
bring,0.0
brings,0.0
british,0.0
brochures,0.0
broken,0.0
brossoit,0.0
brought,0.0
build,0.0
buildings,0.0
bumps,0.0
bureau,0.0
careless,0.0
carelessness,0.0
carpentry,0.0
certain,0.0
cervical,0.0
cfa,0.0
cfir,0.0
cfoi,0.0
chain,0.0
challenge,0.0
challenges,0.0
challenging,0.0
championships,0.0
change,0.0
changes,0.0
characterise,0.0
characteristic,0.0
characteristics,0.0
characterize,0.0
checked,0.0
checklists,0.0
chemicals,0.0
chest,0.0
chicken,0.0
child,0.0
childhood,0.0
children,0.0
chinese,0.0
choice,0.0
chosen,0.0
century,0.0
centres,0.0
central,0.0
centers,0.0
carried,0.0
carries,0.0
carry,0.0
cart,0.0
carts,0.0
case,0.0
cases,0.0
caspase,0.0
casualty,0.0
cat,0.0
catastrophic,0.0
categories,0.0
categorize,0.0
bodies,0.0
categorized,0.0
causation,0.0
cause,0.0
caused,0.0
causing,0.0
caveats,0.0
ccr,0.0
cdc,0.0
ceiling,0.0
celebrated,0.0
cell,0.0
cells,0.0
census,0.0
center,0.0
category,0.0
board,0.0
blunt,0.0
blot,0.0
auto,0.0
automatic,0.0
automatically,0.0
automotive,0.0
autopsy,0.0
availability,0.0
available,0.0
average,0.0
aversion,0.0
avoid,0.0
avoiding,0.0
avulsed,0.0
awakening,0.0
aware,0.0
awareness,0.0
away,0.0
awkward,0.0
back,0.0
bacterial,0.0
balance,0.0
balanced,0.0
balls,0.0
bands,0.0
barnes,0.0
barrier,0.0
barriers,0.0
base,0.0
authors,0.0
authorities,0.0
australian,0.0
australia,0.0
associations,0.0
assumes,0.0
assumptions,0.0
assurance,0.0
asymmetrical,0.0
athlete,0.0
athletes,0.0
athletic,0.0
atmospheric,0.0
attached,0.0
attempts,0.0
attendance,0.0
attended,0.0
baseball,0.0
attending,0.0
attenuate,0.0
attitude,0.0
attitudes,0.0
attractive,0.0
attribute,0.0
attributed,0.0
atv,0.0
atvs,0.0
auc,0.0
audit,0.0
augmented,0.0
augmenting,0.0
austin,0.0
attention,0.0
chronic,0.0
baseline,0.0
basis,0.0
better,0.0
between,0.0
bi,0.0
bias,0.0
biceps,0.0
bicycling,0.0
bike,0.0
bilateral,0.0
billion,0.0
binary,0.0
binder,0.0
binding,0.0
binomial,0.0
bioactive,0.0
biochemical,0.0
biological,0.0
biomaterial,0.0
biomechanical,0.0
biomechanics,0.0
biomed,0.0
biomedical,0.0
bitumen,0.0
bland,0.0
blast,0.0
bleeding,0.0
block,0.0
blood,0.0
bet,0.0
best,0.0
benefits,0.0
benefit,0.0
basketball,0.0
batteries,0.0
battery,0.0
bayes,0.0
bear,0.0
because,0.0
become,0.0
becomes,0.0
becoming,0.0
been,0.0
began,0.0
begins,0.0
behavior,0.0
basically,0.0
behavioral,0.0
behaviour,0.0
behaviours,0.0
being,0.0
belief,0.0
beliefs,0.0
believe,0.0
believed,0.0
below,0.0
belt,0.0
belts,0.0
benchmark,0.0
benchmarked,0.0
benchmarking,0.0
behaviors,0.0
association,0.0
cigarette,0.0
circumpolar,0.0
considerations,0.0
considering,0.0
considers,0.0
consisted,0.0
consistency,0.0
consistent,0.0
consisting,0.0
consolidated,0.0
constant,0.0
constitute,0.0
constrained,0.0
construct,0.0
constructed,0.0
constructions,0.0
constructive,0.0
constructors,0.0
constructs,0.0
consultations,0.0
consumer,0.0
containing,0.0
contemporary,0.0
content,0.0
context,0.0
continue,0.0
continues,0.0
continuity,0.0
contract,0.0
consideration,0.0
contracting,0.0
considerable,0.0
consequences,0.0
computed,0.0
computer,0.0
conceive,0.0
concentration,0.0
concentrations,0.0
concern,0.0
concerned,0.0
concerning,0.0
concise,0.0
concluded,0.0
conclusion,0.0
concrete,0.0
concussion,0.0
condition,0.0
conditions,0.0
conducive,0.0
conference,0.0
confidence,0.0
confirmatory,0.0
confirmed,0.0
confounders,0.0
congress,0.0
congruency,0.0
connect,0.0
connected,0.0
consecutive,0.0
consensus,0.0
consider,0.0
contractor,0.0
contractors,0.0
contrast,0.0
could,0.0
countermeasures,0.0
counterparts,0.0
countries,0.0
country,0.0
counts,0.0
county,0.0
course,0.0
covering,0.0
cp,0.0
crain,0.0
cranial,0.0
cranium,0.0
crash,0.0
crashes,0.0
crashworthiness,0.0
crd42019140631,0.0
create,0.0
created,0.0
creates,0.0
creating,0.0
creation,0.0
crew,0.0
criminal,0.0
criteria,0.0
criterion,0.0
critical,0.0
costs,0.0
costly,0.0
cost,0.0
corridor,0.0
contribute,0.0
contributed,0.0
contributes,0.0
contributing,0.0
contribution,0.0
contributor,0.0
control,0.0
controlled,0.0
controlling,0.0
controls,0.0
controversy,0.0
contusions,0.0
conversely,0.0
compromising,0.0
interactive,0.0
cooling,0.0
coordination,0.0
coordinator,0.0
coordinators,0.0
cord,0.0
corporation,0.0
corrected,0.0
correcting,0.0
corrective,0.0
correlated,0.0
correlation,0.0
correlations,0.0
corresponding,0.0
converting,0.0
comprising,0.0
comprised,0.0
comprise,0.0
cns,0.0
cny,0.0
co,0.0
coaches,0.0
coaching,0.0
cochran,0.0
cochrane,0.0
coded,0.0
codes,0.0
coding,0.0
coefficient,0.0
cognitive,0.0
cohort,0.0
cohorts,0.0
coincided,0.0
cold,0.0
collaboration,0.0
collapse,0.0
collect,0.0
collection,0.0
college,0.0
colleges,0.0
collegiate,0.0
collision,0.0
collisions,0.0
colostomy,0.0
columbia,0.0
cluster,0.0
closely,0.0
closed,0.0
clinoid,0.0
circumstances,0.0
cis,0.0
citation,0.0
citations,0.0
cities,0.0
citing,0.0
ckcuest,0.0
claim,0.0
claims,0.0
clarify,0.0
class,0.0
classes,0.0
classic,0.0
column,0.0
classification,0.0
classifier,0.0
classify,0.0
clearance,0.0
clearly,0.0
climate,0.0
climates,0.0
climatic,0.0
clinic,0.0
clinical,0.0
clinically,0.0
clinicaltrials,0.0
clinicians,0.0
clinics,0.0
classified,0.0
cinahl,0.0
coma,0.0
combination,0.0
competition,0.0
competitions,0.0
competitive,0.0
competitors,0.0
compiled,0.0
complaint,0.0
complement,0.0
complemented,0.0
complete,0.0
completed,0.0
completing,0.0
complex,0.0
complexity,0.0
compliance,0.0
complicate,0.0
complicated,0.0
complication,0.0
complications,0.0
comply,0.0
component,0.0
components,0.0
composed,0.0
composite,0.0
composition,0.0
comprehensive,0.0
compressed,0.0
compressive,0.0
competent,0.0
competence,0.0
compensation,0.0
compensable,0.0
combined,0.0
combining,0.0
comfort,0.0
coming,0.0
command,0.0
commanders,0.0
commercial,0.0
commercially,0.0
comminuted,0.0
commission,0.0
committee,0.0
common,0.0
commonly,0.0
combat,0.0
communication,0.0
community,0.0
comorbidities,0.0
compact,0.0
companies,0.0
company,0.0
comparable,0.0
comparative,0.0
compare,0.0
compared,0.0
comparing,0.0
comparison,0.0
compatibility,0.0
compendium,0.0
communities,0.0
critically,0.0
assisting,0.0
assist,0.0
48,0.0
482,0.0
49,0.0
494,0.0
496,0.0
4th,0.0
50,0.0
504,0.0
50th,0.0
51,0.0
52,0.0
524,0.0
528,0.0
53,0.0
538,0.0
54,0.0
55,0.0
555,0.0
557,0.0
56,0.0
563,0.0
566,0.0
57,0.0
5797,0.0
58,0.0
60,0.0
62,0.0
472,0.0
626,0.0
47,0.0
460,0.0
301,0.0
302,0.0
308,0.0
31,0.0
325,0.0
33,0.0
332,0.0
3380,0.0
34,0.0
342,0.0
36,0.0
364,0.0
37,0.0
3700,0.0
371,0.0
39,0.0
390,0.0
3rd,0.0
40,0.0
400,0.0
42,0.0
43,0.0
44,0.0
446,0.0
45,0.0
455,0.0
46,0.0
467,0.0
63,0.0
64,0.0
65,0.0
824,0.0
83,0.0
836,0.0
837,0.0
84,0.0
85,0.0
850,0.0
850n,0.0
86,0.0
864,0.0
87,0.0
88,0.0
89,0.0
8th,0.0
90,0.0
909,0.0
91,0.0
912,0.0
92,0.0
93,0.0
94,0.0
946,0.0
95th,0.0
96,0.0
961,0.0
968,0.0
97,0.0
82,0.0
817,0.0
81,0.0
800,0.0
66,0.0
67,0.0
68,0.0
6869,0.0
69,0.0
695,0.0
699,0.0
6mg,0.0
6th,0.0
70,0.0
700,0.0
704,0.0
71,0.0
300,0.0
72,0.0
724,0.0
73,0.0
739,0.0
74,0.0
747,0.0
7482,0.0
75,0.0
76,0.0
77,0.0
777,0.0
78,0.0
79,0.0
80,0.0
720,0.0
30,0.0
2nd,0.0
298,0.0
128,0.0
1298,0.0
12th,0.0
1300,0.0
132,0.0
1322,0.0
1328,0.0
133,0.0
139,0.0
14,0.0
143,0.0
1448,0.0
145,0.0
146,0.0
1461,0.0
1464,0.0
15,0.0
16,0.0
1612,0.0
17,0.0
1700s,0.0
1725,0.0
173,0.0
1769,0.0
1800,0.0
185,0.0
188,0.0
1256,0.0
124,0.0
120,0.0
12,0.0
000,0.0
001,0.0
002,0.0
01,0.0
010,0.0
016,0.0
021,0.0
03,0.0
038,0.0
04,0.0
058,0.0
06,0.0
063,0.0
19,0.0
08,0.0
09,0.0
100,0.0
1000,0.0
101,0.0
103,0.0
105,0.0
106,0.0
10th,0.0
11,0.0
110,0.0
113,0.0
115,0.0
118,0.0
086,0.0
98,0.0
190,0.0
192,0.0
2010,0.0
2011,0.0
2012,0.0
2013,0.0
2014,0.0
2015,0.0
2016,0.0
2017,0.0
2018,0.0
210,0.0
214,0.0
216,0.0
22,0.0
23,0.0
236,0.0
238,0.0
24,0.0
25000,0.0
257,0.0
25th,0.0
26,0.0
263,0.0
269,0.0
27,0.0
272,0.0
28,0.0
29,0.0
2009,0.0
2008,0.0
2007,0.0
2006,0.0
1929,0.0
1930s,0.0
1953,0.0
1959,0.0
196,0.0
1966,0.0
197,0.0
1976,0.0
1984,0.0
1989,0.0
1990s,0.0
1992,0.0
1993,0.0
191,0.0
1994,0.0
1997,0.0
1998,0.0
1999,0.0
1β,0.0
200,0.0
2000,0.0
2001,0.0
2002,0.0
2003,0.0
2004,0.0
2005,0.0
2005a,0.0
2005b,0.0
1996,0.0
assisted,0.0
989,0.0
9999,0.0
amongst,0.0
amputations,0.0
an,0.0
anaerobic,0.0
analgesia,0.0
analyse,0.0
analysed,0.0
analyses,0.0
analysing,0.0
analyze,0.0
analyzed,0.0
anatomic,0.0
anatomical,0.0
anatomies,0.0
anesthesia,0.0
angiographic,0.0
angiography,0.0
angle,0.0
angular,0.0
animals,0.0
annual,0.0
annually,0.0
annum,0.0
another,0.0
anova,0.0
anterior,0.0
anthropometric,0.0
amniotic,0.0
anthropomorphic,0.0
ammonium,0.0
ambulatory,0.0
algorithm,0.0
algorithms,0.0
ali,0.0
alif,0.0
aligned,0.0
alleviate,0.0
allied,0.0
allocation,0.0
allow,0.0
allowed,0.0
allowing,0.0
allows,0.0
alone,0.0
along,0.0
alpha,0.0
alphas,0.0
already,0.0
also,0.0
alterations,0.0
alternative,0.0
although,0.0
altitude,0.0
altman,0.0
ambient,0.0
ambiguities,0.0
ambitious,0.0
ambulance,0.0
american,0.0
anti,0.0
antibacterial,0.0
antibiotic,0.0
array,0.0
art,0.0
arteriography,0.0
article,0.0
articles,0.0
articular,0.0
artificial,0.0
ascertain,0.0
asct,0.0
ascts,0.0
asleep,0.0
asnm,0.0
aspa,0.0
aspartate,0.0
aspect,0.0
aspects,0.0
asphalt,0.0
assault,0.0
assays,0.0
assemble,0.0
assembly,0.0
assessed,0.0
assessing,0.0
assessment,0.0
assign,0.0
assignable,0.0
assigned,0.0
around,0.0
arose,0.0
arms,0.0
armrest,0.0
antimicrobial,0.0
anxiety,0.0
aors,0.0
apa,0.0
apoptosis,0.0
appear,0.0
applicability,0.0
applicable,0.0
application,0.0
applications,0.0
applied,0.0
applying,0.0
appraisal,0.0
alcohol,0.0
appreciable,0.0
approach,0.0
approaches,0.0
appropriate,0.0
appropriately,0.0
approximately,0.0
approximation,0.0
apriori,0.0
arabia,0.0
are,0.0
area,0.0
areas,0.0
arizona,0.0
arm,0.0
apprentices,0.0
alberta,0.0
alarm,0.0
al,0.0
accurate,0.0
accurately,0.0
acetabular,0.0
achieve,0.0
achieved,0.0
acpht,0.0
acquired,0.0
across,0.0
acted,0.0
action,0.0
actions,0.0
activation,0.0
active,0.0
activities,0.0
activity,0.0
actor,0.0
actual,0.0
acute,0.0
acws,0.0
adaptability,0.0
adapted,0.0
adaptive,0.0
added,0.0
adding,0.0
addition,0.0
additional,0.0
additionally,0.0
accuracy,0.0
accuracies,0.0
accumulation,0.0
accumulating,0.0
aans,0.0
abandoned,0.0
abbreviated,0.0
abdominal,0.0
abdominus,0.0
ability,0.0
able,0.0
about,0.0
above,0.0
abrasions,0.0
absorption,0.0
abstracts,0.0
academic,0.0
address,0.0
acceleration,0.0
accept,0.0
acceptable,0.0
accepted,0.0
access,0.0
accident,0.0
accidental,0.0
accidents,0.0
accommodation,0.0
accompanied,0.0
according,0.0
account,0.0
accounted,0.0
accounting,0.0
accelerations,0.0
99,0.0
addressed,0.0
addressing,0.0
affect,0.0
affected,0.0
affecting,0.0
affection,0.0
affects,0.0
after,0.0
again,0.0
against,0.0
age,0.0
aged,0.0
agencies,0.0
agency,0.0
agenda,0.0
ages,0.0
aggravate,0.0
aggregate,0.0
aggressive,0.0
ago,0.0
agricultural,0.0
agriculture,0.0
aid,0.0
aiding,0.0
aim,0.0
aimed,0.0
aims,0.0
airbag,0.0
ais,0.0
aetiology,0.0
aeruginosa,0.0
advocated,0.0
advocacy,0.0
adequate,0.0
adequately,0.0
adherence,0.0
adhesion,0.0
adhesions,0.0
adjacent,0.0
adjuncts,0.0
adjust,0.0
adjusted,0.0
adjusting,0.0
adjustment,0.0
administering,0.0
administration,0.0
addresses,0.0
administrative,0.0
admission,0.0
admissions,0.0
admitted,0.0
adopted,0.0
adoption,0.0
adult,0.0
adults,0.0
advance,0.0
advanced,0.0
advantages,0.0
adverse,0.0
advice,0.0
advised,0.0
administrators,0.0
cronbach,0.0
converted,0.0
crucial,0.0
funnel,0.0
furnishings,0.0
furniture,0.0
further,0.0
furthermore,0.0
fusion,0.0
future,0.0
gaelic,0.0
games,0.0
gardening,0.0
gas,0.0
gathered,0.0
gathering,0.0
gc,0.0
gender,0.0
general,0.0
generalizable,0.0
generally,0.0
generate,0.0
generated,0.0
generation,0.0
geographic,0.0
getting,0.0
given,0.0
gives,0.0
glasgow,0.0
glenohumeral,0.0
fundamental,0.0
goal,0.0
functional,0.0
full,0.0
formulate,0.0
formulated,0.0
formulating,0.0
forty,0.0
foundations,0.0
four,0.0
fracture,0.0
fractures,0.0
fragility,0.0
fragment,0.0
frame,0.0
framework,0.0
frameworks,0.0
france,0.0
free,0.0
freezing,0.0
frequency,0.0
frequent,0.0
frequently,0.0
friction,0.0
frictional,0.0
friendly,0.0
frontline,0.0
frostbite,0.0
frostbites,0.0
fsl,0.0
fte,0.0
fully,0.0
goals,0.0
golf,0.0
good,0.0
half,0.0
hand,0.0
handbook,0.0
handful,0.0
handling,0.0
handy,0.0
happened,0.0
happening,0.0
hardship,0.0
harvested,0.0
has,0.0
have,0.0
having,0.0
hazard,0.0
hazards,0.0
he,0.0
head,0.0
healed,0.0
healing,0.0
health,0.0
healthcare,0.0
healthy,0.0
heary,0.0
heat,0.0
heavy,0.0
height,0.0
heights,0.0
haemorrhage,0.0
had,0.0
gunshot,0.0
gun,0.0
google,0.0
gov,0.0
governing,0.0
government,0.0
grade,0.0
gradual,0.0
gradually,0.0
graneheim,0.0
gratification,0.0
gray,0.0
great,0.0
greater,0.0
greatest,0.0
formula,0.0
greatly,0.0
grey,0.0
grip,0.0
ground,0.0
grounded,0.0
group,0.0
groups,0.0
growing,0.0
grown,0.0
guards,0.0
guidance,0.0
guide,0.0
guidelines,0.0
guiding,0.0
grew,0.0
held,0.0
formed,0.0
formalised,0.0
fail,0.0
failure,0.0
failures,0.0
fall,0.0
falling,0.0
falls,0.0
false,0.0
familiarity,0.0
families,0.0
family,0.0
far,0.0
fatal,0.0
fatalities,0.0
fatality,0.0
fathers,0.0
fatigued,0.0
favored,0.0
favoring,0.0
fbw,0.0
fci,0.0
feasibility,0.0
feasible,0.0
featured,0.0
features,0.0
february,0.0
feeling,0.0
feet,0.0
factorial,0.0
female,0.0
factor,0.0
facility,0.0
exposures,0.0
expression,0.0
exsanguinating,0.0
exsanguination,0.0
extend,0.0
extends,0.0
extensive,0.0
extensively,0.0
extent,0.0
external,0.0
extra,0.0
extracellular,0.0
extracted,0.0
extraction,0.0
extrapolated,0.0
extremity,0.0
eye,0.0
eyewitnesses,0.0
face,0.0
faced,0.0
facial,0.0
facilitate,0.0
facilitated,0.0
facilitating,0.0
facilitator,0.0
facilitators,0.0
facilities,0.0
fact,0.0
females,0.0
femoral,0.0
femur,0.0
flexible,0.0
flexion,0.0
flexor,0.0
floor,0.0
floors,0.0
flow,0.0
fls,0.0
fluid,0.0
foam,0.0
focus,0.0
focused,0.0
focuses,0.0
focusing,0.0
fold,0.0
follow,0.0
following,0.0
follows,0.0
food,0.0
foot,0.0
football,0.0
force,0.0
forces,0.0
forecast,0.0
foreign,0.0
forest,0.0
form,0.0
formal,0.0
flame,0.0
fixtures,0.0
fixators,0.0
fixator,0.0
fenced,0.0
festival,0.0
few,0.0
fewer,0.0
fibroblast,0.0
fibroblasts,0.0
field,0.0
fields,0.0
fifth,0.0
figure,0.0
file,0.0
fills,0.0
films,0.0
formation,0.0
final,0.0
financial,0.0
find,0.0
findings,0.0
firearm,0.0
firearms,0.0
firms,0.0
first,0.0
fisher,0.0
fit,0.0
fitness,0.0
fitted,0.0
five,0.0
fixation,0.0
finalize,0.0
helmet,0.0
helmets,0.0
help,0.0
indicating,0.0
indication,0.0
indicator,0.0
indicators,0.0
indices,0.0
indigenous,0.0
individual,0.0
individualistic,0.0
individuals,0.0
induce,0.0
induced,0.0
inducement,0.0
induces,0.0
induction,0.0
inductions,0.0
industrial,0.0
industries,0.0
industry,0.0
inefficiency,0.0
inequities,0.0
inertial,0.0
inevitable,0.0
inexplicable,0.0
infected,0.0
infection,0.0
infections,0.0
infective,0.0
indicates,0.0
infiltration,0.0
indicated,0.0
indexing,0.0
inattention,0.0
inattentive,0.0
inception,0.0
incidence,0.0
incident,0.0
incidents,0.0
incised,0.0
include,0.0
includes,0.0
including,0.0
includinge,0.0
inclusion,0.0
income,0.0
incomplete,0.0
incorporated,0.0
incorporating,0.0
incorporation,0.0
increase,0.0
increased,0.0
increases,0.0
increasing,0.0
increasingly,0.0
indentation,0.0
independent,0.0
independently,0.0
index,0.0
indexed,0.0
indicate,0.0
inflammasome,0.0
inflammation,0.0
inflammatory,0.0
inspectors,0.0
installation,0.0
installer,0.0
instead,0.0
institute,0.0
institutes,0.0
instructions,0.0
instrument,0.0
instrumentation,0.0
instution,0.0
insufficiency,0.0
insurance,0.0
insured,0.0
intact,0.0
integrated,0.0
integrating,0.0
intelligence,0.0
intelligent,0.0
intense,0.0
intensification,0.0
intensity,0.0
intensive,0.0
intent,0.0
intentional,0.0
intentionally,0.0
inter,0.0
interaction,0.0
inspection,0.0
inspected,0.0
insomnia,0.0
insights,0.0
inflicted,0.0
influence,0.0
influencing,0.0
influenza,0.0
inform,0.0
information,0.0
infrapectineal,0.0
infraspinatus,0.0
infrastructure,0.0
infrequently,0.0
ingredients,0.0
inhabitants,0.0
inherent,0.0
inanimate,0.0
inhibit,0.0
initial,0.0
initiated,0.0
initiation,0.0
initiative,0.0
initiatives,0.0
injection,0.0
injured,0.0
injures,0.0
innovative,0.0
inpatient,0.0
input,0.0
insects,0.0
insecurity,0.0
inhibition,0.0
inadequately,0.0
inadequate,0.0
impulsivity,0.0
hitting,0.0
ho,0.0
hold,0.0
holds,0.0
hole,0.0
home,0.0
homeless,0.0
homemade,0.0
homes,0.0
homogeneity,0.0
horizontal,0.0
hospital,0.0
hospitalization,0.0
hospitalizations,0.0
hospitals,0.0
host,0.0
hot,0.0
hour,0.0
hours,0.0
house,0.0
household,0.0
houses,0.0
housing,0.0
however,0.0
hr,0.0
hris,0.0
hrqol,0.0
history,0.0
historical,0.0
histopathology,0.0
histopathological,0.0
helpful,0.0
hematoxylin,0.0
hemipelves,0.0
hemitransverse,0.0
hemorrhage,0.0
hemorrhagic,0.0
hence,0.0
henry,0.0
here,0.0
herein,0.0
heterogeneity,0.0
heterogeneous,0.0
heterotopic,0.0
hsc,0.0
hic,0.0
higher,0.0
highest,0.0
highlight,0.0
highly,0.0
highway,0.0
highways,0.0
hinder,0.0
hindering,0.0
hindu,0.0
hinges,0.0
his,0.0
hispanic,0.0
histological,0.0
high,0.0
exposed,0.0
human,0.0
hurling,0.0
immediately,0.0
immersive,0.0
impact,0.0
impaction,0.0
impacts,0.0
impair,0.0
impairment,0.0
impairments,0.0
impalement,0.0
impalements,0.0
impede,0.0
impending,0.0
implantation,0.0
implementation,0.0
implemented,0.0
implementing,0.0
implications,0.0
imply,0.0
importance,0.0
important,0.0
impose,0.0
improve,0.0
improved,0.0
improvement,0.0
improvements,0.0
improves,0.0
improving,0.0
immediate,0.0
imitate,0.0
imaging,0.0
images,0.0
hybrid,0.0
hydrogel,0.0
hypotheses,0.0
hypothesis,0.0
hypothesized,0.0
icc,0.0
icd,0.0
ice,0.0
iceci,0.0
iconic,0.0
ictrp,0.0
id,0.0
ideal,0.0
hundred,0.0
identical,0.0
identified,0.0
identifies,0.0
identify,0.0
identifying,0.0
ies,0.0
if,0.0
ignorance,0.0
ii,0.0
iii,0.0
il,0.0
il4i1,0.0
illness,0.0
image,0.0
identification,0.0
exponentially,0.0
ҝb,0.0
dorsi,0.0
diverse,0.0
divided,0.0
diving,0.0
division,0.0
decree,0.0
decreasing,0.0
do,0.0
documentation,0.0
documents,0.0
decreases,0.0
dod,0.0
disturbed,0.0
decreased,0.0
domain,0.0
domains,0.0
decrease,0.0
dominance,0.0
declining,0.0
dominant,0.0
done,0.0
exponential,0.0
dosage,0.0
double,0.0
down,0.0
does,0.0
decrees,0.0
district,0.0
distribution,0.0
discusses,0.0
discussion,0.0
discussions,0.0
defense,0.0
diseases,0.0
dislocation,0.0
defects,0.0
dismutase,0.0
disorders,0.0
disorganized,0.0
disparate,0.0
displacement,0.0
disposition,0.0
defect,0.0
disproportionally,0.0
disproportionately,0.0
disregarded,0.0
disruption,0.0
dissertations,0.0
distance,0.0
distant,0.0
distinct,0.0
distracted,0.0
dedicated,0.0
distributed,0.0
draft,0.0
draw,0.0
drawings,0.0
drawn,0.0
ebscohost,0.0
economic,0.0
ed,0.0
edema,0.0
eds,0.0
education,0.0
december,0.0
educational,0.0
eec,0.0
effect,0.0
decellularized,0.0
effective,0.0
effectively,0.0
effectiveness,0.0
decallularized,0.0
decades,0.0
effects,0.0
efficacy,0.0
efficiency,0.0
efficient,0.0
efficiently,0.0
decade,0.0
departing,0.0
effort,0.0
efforts,0.0
eb,0.0
discussed,0.0
easy,0.0
early,0.0
dressing,0.0
dressings,0.0
driven,0.0
driver,0.0
drivers,0.0
driveways,0.0
drop,0.0
dry,0.0
drywall,0.0
due,0.0
declines,0.0
dummy,0.0
declined,0.0
decisions,0.0
duplicate,0.0
duration,0.0
during,0.0
dutch,0.0
dynamic,0.0
dynamically,0.0
dynamics,0.0
decision,0.0
each,0.0
deciding,0.0
earlier,0.0
easily,0.0
effusion,0.0
discuss,0.0
deficits,0.0
designated,0.0
designed,0.0
deltoid,0.0
despite,0.0
delta,0.0
destabilizing,0.0
destination,0.0
detailed,0.0
delphi,0.0
delivered,0.0
deliver,0.0
demand,0.0
details,0.0
detect,0.0
deliberate,0.0
detected,0.0
detecting,0.0
delayed,0.0
detection,0.0
detectors,0.0
deteriorating,0.0
determinants,0.0
determination,0.0
determine,0.0
delineate,0.0
design,0.0
desert,0.0
descriptors,0.0
density,0.0
department,0.0
departments,0.0
departure,0.0
depending,0.0
denser,0.0
deployed,0.0
deployment,0.0
denominator,0.0
deployments,0.0
depression,0.0
depth,0.0
derived,0.0
demonstrates,0.0
descent,0.0
describe,0.0
described,0.0
demonstrated,0.0
describes,0.0
description,0.0
descriptions,0.0
descriptive,0.0
demonstrate,0.0
demographics,0.0
demographic,0.0
determined,0.0
determining,0.0
delay,0.0
develop,0.0
differentiation,0.0
differs,0.0
difficult,0.0
digit,0.0
digital,0.0
digitorum,0.0
dire,0.0
direct,0.0
directed,0.0
directive,0.0
directly,0.0
degenerative,0.0
deformation,0.0
disabilities,0.0
definite,0.0
disability,0.0
disabling,0.0
disaster,0.0
discharge,0.0
defined,0.0
define,0.0
disclose,0.0
discomfort,0.0
discriminate,0.0
discrimination,0.0
differentiated,0.0
deficit,0.0
different,0.0
difference,0.0
developed,0.0
developing,0.0
development,0.0
developments,0.0
deviation,0.0
dehydrogenase,0.0
devices,0.0
dehiscence,0.0
dex,0.0
dexmedetomidine,0.0
degrees,0.0
diabetes,0.0
diagnosed,0.0
diagnoses,0.0
diagnosis,0.0
diagnostic,0.0
diaphyseal,0.0
degree,0.0
dictionary,0.0
did,0.0
didactic,0.0
die,0.0
died,0.0
differ,0.0
differed,0.0
differences,0.0
eight,0.0
dental,0.0
eighty,0.0
euthanized,0.0
cycle,0.0
evaluate,0.0
evaluated,0.0
evaluating,0.0
evaluation,0.0
evedince,0.0
cutting,0.0
cut,0.0
event,0.0
events,0.0
cyclical,0.0
eventually,0.0
everyone,0.0
evidence,0.0
evident,0.0
evoked,0.0
customized,0.0
evolved,0.0
examination,0.0
examinations,0.0
examine,0.0
examined,0.0
custom,0.0
every,0.0
examines,0.0
european,0.0
cyclically,0.0
equivalents,0.0
equivocal,0.0
erect,0.0
erection,0.0
debated,0.0
ergonomic,0.0
cytokines,0.0
ergonomics,0.0
eripp,0.0
cysteine,0.0
error,0.0
ethnic,0.0
especially,0.0
established,0.0
establishing,0.0
cyclist,0.0
cycling,0.0
establishment,0.0
esteem,0.0
estimate,0.0
estimated,0.0
estimates,0.0
estimation,0.0
et,0.0
establish,0.0
example,0.0
excellent,0.0
excessive,0.0
cultural,0.0
expected,0.0
expenditure,0.0
expense,0.0
expensive,0.0
experience,0.0
cultivating,0.0
ct,0.0
experienced,0.0
experiences,0.0
experiment,0.0
expectations,0.0
experimental,0.0
expert,0.0
expertise,0.0
experts,0.0
explain,0.0
explained,0.0
explanations,0.0
exploration,0.0
exploratory,0.0
explore,0.0
csi,0.0
explored,0.0
experiments,0.0
expectancy,0.0
expanding,0.0
culture,0.0
excessively,0.0
excluding,0.0
exclusion,0.0
execution,0.0
exemplary,0.0
exercise,0.0
exercises,0.0
exerted,0.0
exhibit,0.0
curves,0.0
curve,0.0
exhibited,0.0
exhibiting,0.0
exist,0.0
curriculum,0.0
currently,0.0
existence,0.0
current,0.0
existing,0.0
cumulative,0.0
cumbersome,0.0
exogenous,0.0
expand,0.0
expandable,0.0
expanded,0.0
equivalent,0.0
cytoscape,0.0
erector,0.0
encourage,0.0
enabling,0.0
enacted,0.0
encompass,0.0
dating,0.0
electron,0.0
encompassing,0.0
encountered,0.0
equestrian,0.0
encouraged,0.0
end,0.0
endangerment,0.0
endogenous,0.0
endonasal,0.0
endoscopic,0.0
electromyography,0.0
endothelial,0.0
endow,0.0
endpoints,0.0
date,0.0
ends,0.0
datasets,0.0
enable,0.0
databases,0.0
employment,0.0
employer,0.0
embase,0.0
elite,0.0
elimination,0.0
days,0.0
emerged,0.0
emergency,0.0
emerging,0.0
emg,0.0
emotional,0.0
emphasis,0.0
emphasize,0.0
emphasized,0.0
empirical,0.0
employ,0.0
employed,0.0
employee,0.0
eligible,0.0
elevated,0.0
elements,0.0
electronic,0.0
employees,0.0
employers,0.0
else,0.0
enforce,0.0
enforceable,0.0
elderly,0.0
entertainment,0.0
entire,0.0
entities,0.0
environment,0.0
environmental,0.0
ejection,0.0
dallas,0.0
enzymes,0.0
eosin,0.0
daily,0.0
dahihandi,0.0
dafw,0.0
epic,0.0
epidemic,0.0
either,0.0
epidemiologic,0.0
epidemiology,0.0
cytotoxicity,0.0
episodes,0.0
eps,0.0
damage,0.0
electrocution,0.0
electric,0.0
dangerous,0.0
enforcement,0.0
engage,0.0
engaged,0.0
engagement,0.0
engaging,0.0
electricity,0.0
engineer,0.0
electricians,0.0
engineering,0.0
deaths,0.0
electrical,0.0
enhance,0.0
database,0.0
enhanced,0.0
enhancement,0.0
enough,0.0
enriched,0.0
enriquez,0.0
enrolled,0.0
darkness,0.0
ensure,0.0
enterprises,0.0
day,0.0
that,0.012117145573848563
results,0.012117145573848563
this,0.01224472292043139
injuries,0.014095641760779947
methods,0.01527959419672216
at,0.015839768197792446
used,0.016646366977987336
conclusions,0.018519933270278715
based,0.01962968884968218
not,0.02024141225534839
there,0.020563864976459904
their,0.02160818503661356
work,0.02198553869236089
may,0.02198553869236089
one,0.022379669027881695
background,0.022379669027881695
occupational,0.023224734127043237
10,0.023224734127043237
it,0.023224734127043237
injury,0.0234901423034569
is,0.0234901423034569
into,0.024158910253820953
significantly,0.024158910253820953
workplace,0.024158910253820953
from,0.02448944584086278
non,0.02466570376484716
low,0.025203230313974617
should,0.025775459344250625
included,0.025775459344250625
its,0.026387182749916832
assess,0.026387182749916832
found,0.027044259055567697
18,0.027753955531182005
main,0.027753955531182005
be,0.028191283521559894
by,0.028191283521559894
25,0.02852543952245014
materials,0.02852543952245014
before,0.02852543952245014
21,0.02852543952245014
study,0.028836188963782917
causes,0.02937050462161168
respectively,0.02937050462161168
35,0.02937050462161168
collected,0.02937050462161168
for,0.029666619233258057
as,0.03020093489108682
statistical,0.0303046807483894
protective,0.0303046807483894
death,0.0303046807483894
followed,0.0303046807483894
therefore,0.0303046807483894
type,0.0303046807483894
13,0.03134900080854306
considered,0.03134900080854306
cross,0.03134900080854306
regression,0.03134900080854306
38,0.03134900080854306
20,0.032532953244485276
selected,0.032532953244485276
how,0.032532953244485276
illnesses,0.032532953244485276
any,0.032532953244485276
data,0.03329273395597467
sectional,0.03389972602575045
least,0.03389972602575045
device,0.03389972602575045
via,0.03389972602575045
clothing,0.03551627511618012
suffered,0.03551627511618012
even,0.03551627511618012
chance,0.03551627511618012
than,0.03652583213683402
disease,0.037494771303111504
41,0.037494771303111504
32,0.037494771303111504
quantitative,0.037494771303111504
reasons,0.037494771303111504
05,0.037494771303111504
exposure,0.037494771303111504
logistic,0.037494771303111504
administered,0.037494771303111504
personal,0.037494771303111504
reason,0.04004549652031889
energy,0.04004549652031889
finally,0.04004549652031889
city,0.04004549652031889
legal,0.04004549652031889
knew,0.04004549652031889
continuous,0.04004549652031889
universal,0.04004549652031889
all,0.04112772995291981
ethiopia,0.04364054179767995
bivariate,0.04364054179767995
worn,0.04364054179767995
epi,0.04364054179767995
april,0.04364054179767995
206,0.04364054179767995
interviewer,0.04364054179767995
assure,0.04364054179767995
software,0.04364054179767995
spss,0.04364054179767995
institution,0.04364054179767995
questionnaires,0.04364054179767995
entered,0.04364054179767995
exported,0.04364054179767995
commencing,0.04364054179767995
governmental,0.04364054179767995
contact,0.04364054179767995
info,0.04364054179767995
harmful,0.04364054179767995
get,0.04364054179767995
requirement,0.04364054179767995
was,0.046497748041469104
reduce,0.04735904943412262
participants,0.050406460627949234
using,0.05331062251480716
conducted,0.054088518111135395
majority,0.05550791106236401
with,0.05752711084091179
less,0.05874100924322336
analysis,0.059790828087657344
on,0.060585727869242816
sites,0.06269800161708612
in,0.06393676591507601
factors,0.06482455510984068
equipment,0.06506590648897055
value,0.06506590648897055
2019,0.06506590648897055
variables,0.0677994520515009
version,0.07103255023236024
safety,0.07205255903701004
to,0.07235046382872916
absence,0.07498954260622301
among,0.0762298392776247
and,0.07979825353460045
or,0.08539481816237396
multivariate,0.0872810835953599
unavailability,0.0872810835953599
abrasion,0.0872810835953599
construction,0.09167756518033296
were,0.09299549608293821
material,0.09404700242562918
associated,0.09471809886824524
use,0.09663564101528381
95,0.1031018373770025
ci,0.11410175808980055
the,0.11526414399442286
building,0.1212187229935576
workers,0.12144847353209033
supervision,0.13092162539303984
training,0.13876977765591003
orientation,0.16018198608127557
aor,0.1745621671907198
addis,0.1745621671907198
ababa,0.1745621671907198
presence,0.1874738565155575
of,0.18804863597047433
utilization,0.21309765069708075
ppe,0.6109675851675194
